<Ui xmlns="http://www.blizzard.com/wow/ui/" xmlns:xsi="http://www.w3.org/2001/XMLSchema-instance" xsi:schemaLocation="http://www.blizzard.com/wow/ui/ ..\FrameXML\UI.xsd">
	<Script file="BigFootReader.lua"/>
	<Font name="BigFootReaderFontNormal" font="Fonts\ARHei.TTF" virtual="true">
		<FontHeight>
			<AbsValue val="15"/>
		</FontHeight>
		<Color r="0.8828125" g="0.84765625" b="0.6875"/>
	</Font>
	<Font name="BigFootReaderFontHeader1" font="Fonts\ARHei.TTF" virtual="true">
		<FontHeight>
			<AbsValue val="24"/>
		</FontHeight>
		<Color r="1.0" g="0.6875" b="0.09765625"/>
	</Font>
	<Font name="BigFootReaderFontHeader2" font="Fonts\ARHei.TTF" virtual="true">
		<FontHeight>
			<AbsValue val="18"/>
		</FontHeight>
		<Color r="0.0" g="1.0" b="0"/>
	</Font>
	<Font name="BigFootReaderFontHeader3" font="Fonts\ARKai_T.TTF" virtual="true">
		<FontHeight>
			<AbsValue val="15"/>
		</FontHeight>
		<Color r="1.0" g="0.82" b="0"/>
	</Font>

	<Frame name="BigFootReaderFrame" topLevel="true" enableMouse="true" frameStrata="FULLSCREEN" parent="UIParent" movable="true" hidden="true">
		<Size>
			<AbsDimension x="640" y="512"/>
		</Size>
		<Anchors>
			<Anchor point="CENTER">
				<Offset>
					<AbsDimension x="0" y="0"/>
				</Offset>
			</Anchor>
		</Anchors>
		<HitRectInsets>
			<AbsInset left="0" right="44" top="0" bottom="13"/>
		</HitRectInsets>
		<Layers>
			<Layer level="BACKGROUND">
				<Texture file="Interface\HelpFrame\HelpFrame-TopLeft">
					<Size>
						<AbsDimension x="256" y="256"/>
					</Size>
					<Anchors>
						<Anchor point="TOPLEFT"/>
					</Anchors>
				</Texture>
				<Texture file="Interface\HelpFrame\HelpFrame-Top">
					<Size>
						<AbsDimension x="256" y="256"/>
					</Size>
					<Anchors>
						<Anchor point="TOPLEFT">
							<Offset>
								<AbsDimension x="256" y="0"/>
							</Offset>
						</Anchor>
					</Anchors>
				</Texture>
				<Texture file="Interface\HelpFrame\HelpFrame-TopRight">
					<Size>
						<AbsDimension x="128" y="256"/>
					</Size>
					<Anchors>
						<Anchor point="TOPRIGHT"/>
					</Anchors>
				</Texture>
				<Texture file="Interface\HelpFrame\HelpFrame-BotLeft">
					<Size>
						<AbsDimension x="256" y="256"/>
					</Size>
					<Anchors>
						<Anchor point="BOTTOMLEFT"/>
					</Anchors>
				</Texture>
				<Texture file="Interface\HelpFrame\HelpFrame-Bottom">
					<Size>
						<AbsDimension x="256" y="256"/>
					</Size>
					<Anchors>
						<Anchor point="BOTTOMLEFT">
							<Offset>
								<AbsDimension x="256" y="0"/>
							</Offset>
						</Anchor>
					</Anchors>
				</Texture>
				<Texture file="Interface\HelpFrame\HelpFrame-BotRight">
					<Size>
						<AbsDimension x="128" y="256"/>
					</Size>
					<Anchors>
						<Anchor point="BOTTOMRIGHT"/>
					</Anchors>
				</Texture>
			</Layer>
			<Layer level="ARTWORK">
				<Texture name="BigFootReaderFrameHeader" file="Interface\DialogFrame\UI-DialogBox-Header">
					<Size>
						<AbsDimension x="420" y="64"/>
					</Size>
					<Anchors>
						<Anchor point="TOP">
							<Offset>
								<AbsDimension x="-12" y="12"/>
							</Offset>
						</Anchor>
					</Anchors>
				</Texture>
				<FontString name="BigFootReaderFrameTitle" inherits="GameFontNormal" text="TITLE">
					<Anchors>
						<Anchor point="TOP" relativeTo="BigFootReaderFrameHeader">
							<Offset>
								<AbsDimension x="0" y="-13"/>
							</Offset>
						</Anchor>
					</Anchors>
				</FontString>
				<FontString name="BigFootReaderNotice" inherits="GameFontHighlight" text="NOTICE" hidden="true">
					<Size>
						<AbsDimension x="550" y="0"/>
					</Size>
					<Anchors>
						<Anchor point="TOP">
							<Offset>
								<AbsDimension x="0" y="75"/>
							</Offset>
						</Anchor>
					</Anchors>
				</FontString>
			</Layer>
		</Layers>
		<Frames>
			<ScrollFrame name="BigFootReaderScrollFrame" inherits="UIPanelScrollFrameTemplate">
				<Size>
					<AbsDimension x="500" y="407"/>
				</Size>
				<Anchors>
					<Anchor point="TOPLEFT">
						<Offset>
							<AbsDimension x="60" y="-56"/>
						</Offset>
					</Anchor>
				</Anchors>
				<Layers>
					<Layer level="ARTWORK">
						<Texture name="$parentScrollBarTop" file="Interface\PaperDollInfoFrame\UI-Character-ScrollBar">
							<Size>
								<AbsDimension x="31" y="256"/>
							</Size>
							<Anchors>
								<Anchor point="TOPLEFT" relativePoint="TOPRIGHT">
									<Offset>
										<AbsDimension x="-2" y="5"/>
									</Offset>
								</Anchor>
							</Anchors>
							<TexCoords left="0" right="0.484375" top="0" bottom="1.0"/>
						</Texture>
						<Texture name="$parentScrollBarBottom" file="Interface\PaperDollInfoFrame\UI-Character-ScrollBar">
							<Size>
								<AbsDimension x="31" y="106"/>
							</Size>
							<Anchors>
								<Anchor point="BOTTOMLEFT" relativePoint="BOTTOMRIGHT">
									<Offset>
										<AbsDimension x="-2" y="-2"/>
									</Offset>
								</Anchor>
							</Anchors>
							<TexCoords left="0.515625" right="1.0" top="0" bottom="0.4140625"/>
						</Texture>
						<Texture name="$parentScrollBarMiddle" file="Interface\PaperDollInfoFrame\UI-Character-ScrollBar">
							<Size>
								<AbsDimension x="31" y="60"/>
							</Size>
							<Anchors>
								<Anchor point="TOP" relativeTo="$parentScrollBarTop" relativePoint="BOTTOM">
									<Offset>
										<AbsDimension x="0" y="0"/>
									</Offset>
								</Anchor>
								<Anchor point="BOTTOM" relativeTo="$parentScrollBarBottom" relativePoint="TOP">
									<Offset>
										<AbsDimension x="0" y="0"/>
									</Offset>
								</Anchor>
							</Anchors>
							<TexCoords left="0" right="0.484375" top=".75" bottom="1.0"/>
						</Texture>
					</Layer>
				</Layers>

				<ScrollChild>
					<SimpleHTML name="BigFootReaderText">
						<Size>
							<AbsDimension x="500" y="800"/>
						</Size>
						<Anchors>
							<Anchor point="TOPLEFT">
								<Offset>
									<AbsDimension x="50" y="-10"/>
								</Offset>
							</Anchor>
						</Anchors>
						<FontString inherits="BigFootReaderFontNormal"/>
						<FontStringHeader1 inherits="BigFootReaderFontHeader1"/>
						<FontStringHeader2 inherits="BigFootReaderFontHeader2"/>
						<FontStringHeader3 inherits="BigFootReaderFontHeader3"/>
					</SimpleHTML>
				</ScrollChild>
			</ScrollFrame>
			<Button name="BigFootReaderCloseButton" inherits="UIPanelCloseButton">
				<Anchors>
					<Anchor point="TOPRIGHT">
						<Offset>
							<AbsDimension x="-42" y="-3"/>
						</Offset>
					</Anchor>
				</Anchors>
			</Button>
			<Button name="BigFootReaderClose" inherits="GameMenuButtonTemplate" text="CLOSE">
				<Size>
					<AbsDimension x="100" y="21"/>
				</Size>
				<Anchors>
					<Anchor point="BOTTOMRIGHT">
						<Offset>
							<AbsDimension x="-53" y="21"/>
						</Offset>
					</Anchor>
				</Anchors>
				<Scripts>
					<OnClick>
						HideUIPanel(BigFootReaderFrame);
					</OnClick>
				</Scripts>
			</Button>
			<Button name="BigFootReaderNextPage" hidden="true" inherits="GameMenuButtonTemplate" text="MOD_MANAGEMENT_NEXT_TEXT">
				<Size>
					<AbsDimension x="110" y="21"/>
				</Size>
				<Anchors>
					<Anchor point="RIGHT" relativeTo="BigFootReaderClose" relativePoint="LEFT">
						<Offset>
							<AbsDimension x="-20" y="0"/>
						</Offset>
					</Anchor>
				</Anchors>
				<Scripts>
					<OnClick>
						BigFootReader_OnNextPage(self);
					</OnClick>
				</Scripts>
			</Button>
			<Button name="BigFootReaderPrevPage" hidden="true" inherits="GameMenuButtonTemplate" text="MOD_MANAGEMENT_PREV_TEXT">
				<Size>
					<AbsDimension x="110" y="21"/>
				</Size>
				<Anchors>
					<Anchor point="RIGHT" relativeTo="BigFootReaderNextPage" relativePoint="LEFT">
						<Offset>
							<AbsDimension x="0" y="0"/>
						</Offset>
					</Anchor>
				</Anchors>
				<Scripts>
					<OnClick>
						BigFootReader_OnPrevPage(self);
					</OnClick>
				</Scripts>
			</Button>
			<Slider name="BigFootReaderPageSlider" orientation="HORIZONTAL" enableMouse="true" hidden="true">
				<Size>
					<AbsDimension x="140" y="17"/>
				</Size>
				<Anchors>
					<Anchor point="BOTTOMLEFT">
						<Offset>
							<AbsDimension x="30" y="23"/>
						</Offset>
					</Anchor>
				</Anchors>
				<HitRectInsets>
					<AbsInset left="0" right="0" top="-10" bottom="-10"/>
				</HitRectInsets>
				<Backdrop bgFile="Interface\Buttons\UI-SliderBar-Background" edgeFile="Interface\Buttons\UI-SliderBar-Border" tile="true">
					<EdgeSize>
						<AbsValue val="8"/>
					</EdgeSize>
					<TileSize>
						<AbsValue val="8"/>
					</TileSize>
					<BackgroundInsets>
						<AbsInset left="3" right="3" top="6" bottom="6"/>
					</BackgroundInsets>
				</Backdrop>
				<Layers>
					<Layer level="ARTWORK">
						<FontString name="BigFootReaderPageText" inherits="GameFontNormal">
							<Anchors>
								<Anchor point="LEFT" relativePoint="RIGHT">
									<Offset>
										<AbsDimension x="10" y="1"/>
									</Offset>
								</Anchor>
							</Anchors>
						</FontString>
					</Layer>
				</Layers>
				<Scripts>
					<OnValueChanged>
						BigFootReaderPageSlider_OnChange(self);
					</OnValueChanged>
				</Scripts>
				<ThumbTexture name="$parentThumb" file="Interface\Buttons\UI-SliderBar-Button-Horizontal">
					<Size>
						<AbsDimension x="32" y="32"/>
					</Size>
				</ThumbTexture>
			</Slider>
		</Frames>
		<Scripts>
			<OnLoad>
				BigFootReaderFrame_OnLoad(self);
			</OnLoad>
			<OnShow>
				if (not self.denySound) then
					PlaySound(SOUNDKIT.IG_MAINMENU_OPTION);
					self.denySound = nil;
				end
				if BigfootNewMainFrame and  BigfootNewMainFrame:IsShown() then
					self:SetScale(0.8);
				else
					self:SetScale(1);
				end
			</OnShow>
			<OnHide>
				if (not self.denySound) then
					PlaySound(SOUNDKIT.GS_TITLE_OPTION_EXIT);
					self.denySound = nil;
				end
			</OnHide>
			<OnMouseDown>
				self:StartMoving();
			</OnMouseDown>
			<OnMouseUp>
				self:StopMovingOrSizing();
			</OnMouseUp>
		</Scripts>
	</Frame>
</Ui>